[{"image":"scale_image4_jpg.rf.03ed7c5bce000e00698aa4c5462348c4.jpg","annotations":[{"label":"Light","coordinates":{"x":319.5,"y":319.5,"width":614,"height":616.5}}]},{"image":"scale_image10_jpg.rf.053426e35fcde7a52f813b9e4312c8c2.jpg","annotations":[{"label":"Dark","coordinates":{"x":321,"y":325.5,"width":625,"height":626}}]},{"image":"scale_image7_jpg.rf.3821ead8198b269c6ec24076c2d17934.jpg","annotations":[{"label":"Nature","coordinates":{"x":322,"y":321,"width":611,"height":603.5}}]},{"image":"scale_image8_jpg.rf.3d19088269403cbde7d8b7d41a98f75c.jpg","annotations":[{"label":"Dark","coordinates":{"x":322,"y":323,"width":616,"height":618}}]},{"image":"scale_image2_jpg.rf.91e060b8aa41a07977097cc6242cb8cb.jpg","annotations":[{"label":"Light","coordinates":{"x":321.5,"y":319,"width":623.5,"height":626}}]},{"image":"scale_image9_jpg.rf.ea947224fa9aeb00328105a0f9fa89c4.jpg","annotations":[{"label":"Light","coordinates":{"x":323,"y":321,"width":610,"height":606}}]},{"image":"scale_image1_jpg.rf.6ad2e14999c9d8cd306b3ad3df0d55be.jpg","annotations":[{"label":"Dark","coordinates":{"x":313.5,"y":326.5,"width":627,"height":627}}]}]